"Links";"class"
"www.google.com/intl/el_GR/policies/privacy/archive/20171002/";"Greek"
"www.google.com/intl/el_GR/policies/privacy/archive/20170417/";"Greek"
"www.google.com/intl/el_GR/policies/privacy/archive/20170301/";"Greek"
"www.google.com/intl/el_GR/policies/privacy/archive/20160829/";"Greek"
"www.google.com/intl/el_GR/policies/privacy/archive/20160628/";"Greek"
"www.google.com/intl/el_GR/policies/privacy/archive/20160325/";"Greek"
"www.google.com/intl/el_GR/policies/privacy/archive/20150819/";"Greek"
"www.google.com/intl/el_GR/policies/privacy/archive/20150630/";"Greek"
"www.google.com/intl/el_GR/policies/privacy/archive/20150605/";"Greek"
"www.google.com/intl/el_GR/policies/privacy/archive/20150501/";"Greek"
"www.google.com/intl/el_GR/policies/privacy/archive/20150225/";"Greek"
"www.google.com/intl/el_GR/policies/privacy/archive/20141219/";"Greek"
"www.google.com/intl/el_GR/policies/privacy/archive/20140331/";"Greek"
"www.google.com/intl/el_GR/policies/privacy/archive/20131220/";"Greek"
"www.google.com/intl/el_GR/policies/privacy/archive/20130624/";"Greek"
"www.google.com/intl/el_GR/policies/privacy/archive/20120727/";"Greek"
"www.google.com/intl/el_GR/policies/privacy/archive/20120301/";"Greek"
"www.google.com/intl/el_GR/policies/privacy/archive/20111020/";"Greek"
"www.google.com/intl/el_GR/policies/privacy/archive/20101003/";"Greek"
"www.google.com/intl/el_GR/policies/privacy/archive/20090311/";"Greek"
"www.google.com/intl/el_GR/policies/privacy/archive/20090127/";"Greek"
"www.google.com/intl/el_GR/policies/privacy/archive/20080807/";"Greek"
"www.google.com/intl/el_GR/policies/privacy/archive/20051014/";"Greek"
"www.google.com/intl/el_GR/policies/privacy/archive/20040701/";"Greek"
"www.google.com/intl/el_GR/policies/privacy/archive/20010104/";"Greek"
"www.google.com/intl/el_GR/policies/privacy/archive/19990920/";"Greek"
"www.google.com/intl/el_GR/policies/privacy/archive/19990609/";"Greek"
"www.google.com/intl/da_GR/policies/privacy/archive/20171002/";"Danish"
"www.google.com/intl/da_GR/policies/privacy/archive/20170417/";"Danish"
"www.google.com/intl/da_GR/policies/privacy/archive/20170301/";"Danish"
"www.google.com/intl/da_GR/policies/privacy/archive/20160829/";"Danish"
"www.google.com/intl/da_GR/policies/privacy/archive/20160628/";"Danish"
"www.google.com/intl/da_GR/policies/privacy/archive/20160325/";"Danish"
"www.google.com/intl/da_GR/policies/privacy/archive/20150819/";"Danish"
"www.google.com/intl/da_GR/policies/privacy/archive/20150630/";"Danish"
"www.google.com/intl/da_GR/policies/privacy/archive/20150605/";"Danish"
"www.google.com/intl/da_GR/policies/privacy/archive/20150501/";"Danish"
"www.google.com/intl/da_GR/policies/privacy/archive/20150225/";"Danish"
"www.google.com/intl/da_GR/policies/privacy/archive/20141219/";"Danish"
"www.google.com/intl/da_GR/policies/privacy/archive/20140331/";"Danish"
"www.google.com/intl/da_GR/policies/privacy/archive/20131220/";"Danish"
"www.google.com/intl/da_GR/policies/privacy/archive/20130624/";"Danish"
"www.google.com/intl/da_GR/policies/privacy/archive/20120727/";"Danish"
"www.google.com/intl/da_GR/policies/privacy/archive/20120301/";"Danish"
"www.google.com/intl/da_GR/policies/privacy/archive/20111020/";"Danish"
"www.google.com/intl/da_GR/policies/privacy/archive/20101003/";"Danish"
"www.google.com/intl/da_GR/policies/privacy/archive/20090311/";"Danish"
"www.google.com/intl/da_GR/policies/privacy/archive/20090127/";"Danish"
"www.google.com/intl/da_GR/policies/privacy/archive/20080807/";"Danish"
"www.google.com/intl/da_GR/policies/privacy/archive/20051014/";"Danish"
"www.google.com/intl/da_GR/policies/privacy/archive/20040701/";"Danish"
"www.google.com/intl/da_GR/policies/privacy/archive/20010104/";"Danish"
"www.google.com/intl/da_GR/policies/privacy/archive/19990920/";"Danish"
"www.google.com/intl/da_GR/policies/privacy/archive/19990609/";"Danish"
"www.google.com/intl/de_GR/policies/privacy/archive/20171002/";"German"
"www.google.com/intl/de_GR/policies/privacy/archive/20170417/";"German"
"www.google.com/intl/de_GR/policies/privacy/archive/20170301/";"German"
"www.google.com/intl/de_GR/policies/privacy/archive/20160829/";"German"
"www.google.com/intl/de_GR/policies/privacy/archive/20160628/";"German"
"www.google.com/intl/de_GR/policies/privacy/archive/20160325/";"German"
"www.google.com/intl/de_GR/policies/privacy/archive/20150819/";"German"
"www.google.com/intl/de_GR/policies/privacy/archive/20150630/";"German"
"www.google.com/intl/de_GR/policies/privacy/archive/20150605/";"German"
"www.google.com/intl/de_GR/policies/privacy/archive/20150501/";"German"
"www.google.com/intl/de_GR/policies/privacy/archive/20150225/";"German"
"www.google.com/intl/de_GR/policies/privacy/archive/20141219/";"German"
"www.google.com/intl/de_GR/policies/privacy/archive/20140331/";"German"
"www.google.com/intl/de_GR/policies/privacy/archive/20131220/";"German"
"www.google.com/intl/de_GR/policies/privacy/archive/20130624/";"German"
"www.google.com/intl/de_GR/policies/privacy/archive/20120727/";"German"
"www.google.com/intl/de_GR/policies/privacy/archive/20120301/";"German"
"www.google.com/intl/de_GR/policies/privacy/archive/20111020/";"German"
"www.google.com/intl/de_GR/policies/privacy/archive/20101003/";"German"
"www.google.com/intl/de_GR/policies/privacy/archive/20090311/";"German"
"www.google.com/intl/de_GR/policies/privacy/archive/20090127/";"German"
"www.google.com/intl/de_GR/policies/privacy/archive/20080807/";"German"
"www.google.com/intl/de_GR/policies/privacy/archive/20051014/";"German"
"www.google.com/intl/de_GR/policies/privacy/archive/20040701/";"German"
"www.google.com/intl/de_GR/policies/privacy/archive/20010104/";"German"
"www.google.com/intl/de_GR/policies/privacy/archive/19990920/";"German"
"www.google.com/intl/de_GR/policies/privacy/archive/19990609/";"German"
"www.google.com/intl/en_GR/policies/privacy/archive/20171002-20171218/";"English"
"www.google.com/intl/en_GR/policies/privacy/archive/20171002-20171218/";"English"
"www.google.com/intl/en_GR/policies/privacy/archive/20171002/";"English"
"www.google.com/intl/en_GR/policies/privacy/archive/20170417-20171002/";"English"
"www.google.com/intl/en_GR/policies/privacy/archive/20170417/";"English"
"www.google.com/intl/en_GR/policies/privacy/archive/20170301-20170417/";"English"
"www.google.com/intl/en_GR/policies/privacy/archive/20170301/";"English"
"www.google.com/intl/en_GR/policies/privacy/archive/20160829-20170301/";"English"
"www.google.com/intl/en_GR/policies/privacy/archive/20160829/";"English"
"www.google.com/intl/en_GR/policies/privacy/archive/20160628-20160829/";"English"
"www.google.com/intl/en_GR/policies/privacy/archive/20160628/";"English"
"www.google.com/intl/en_GR/policies/privacy/archive/20160325-20160628/";"English"
"www.google.com/intl/en_GR/policies/privacy/archive/20160325/";"English"
"www.google.com/intl/en_GR/policies/privacy/archive/20150819-20160325/";"English"
"www.google.com/intl/en_GR/policies/privacy/archive/20150819/";"English"
"www.google.com/intl/en_GR/policies/privacy/archive/20150630-20150819/";"English"
"www.google.com/intl/en_GR/policies/privacy/archive/20150630/";"English"
"www.google.com/intl/en_GR/policies/privacy/archive/20150605-20150630/";"English"
"www.google.com/intl/en_GR/policies/privacy/archive/20150605/";"English"
"www.google.com/intl/en_GR/policies/privacy/archive/20150501-20150605/";"English"
"www.google.com/intl/en_GR/policies/privacy/archive/20150501/";"English"
"www.google.com/intl/en_GR/policies/privacy/archive/20150225-20150501/";"English"
"www.google.com/intl/en_GR/policies/privacy/archive/20150225/";"English"
"www.google.com/intl/en_GR/policies/privacy/archive/20141219-20150225/";"English"
"www.google.com/intl/en_GR/policies/privacy/archive/20141219/";"English"
"www.google.com/intl/en_GR/policies/privacy/archive/20140331-20141219/";"English"
"www.google.com/intl/en_GR/policies/privacy/archive/20140331/";"English"
"www.google.com/intl/en_GR/policies/privacy/archive/20131220-20140331/";"English"
"www.google.com/intl/en_GR/policies/privacy/archive/20131220/";"English"
"www.google.com/intl/en_GR/policies/privacy/archive/20130624-20131220/";"English"
"www.google.com/intl/en_GR/policies/privacy/archive/20130624/";"English"
"www.google.com/intl/en_GR/policies/privacy/archive/20120727-20130624/";"English"
"www.google.com/intl/en_GR/policies/privacy/archive/20120727/";"English"
"www.google.com/intl/en_GR/policies/privacy/archive/20120301-20120727/";"English"
"www.google.com/intl/en_GR/policies/privacy/archive/20120301/";"English"
"www.google.com/intl/en_GR/policies/privacy/archive/20111020-20120301/";"English"
"www.google.com/intl/en_GR/policies/privacy/archive/20111020/";"English"
"www.google.com/intl/en_GR/policies/privacy/archive/20101003-20111020/";"English"
"www.google.com/intl/en_GR/policies/privacy/archive/20101003/";"English"
"www.google.com/intl/en_GR/policies/privacy/archive/20090311-20101003/";"English"
"www.google.com/intl/en_GR/policies/privacy/archive/20090311/";"English"
"www.google.com/intl/en_GR/policies/privacy/archive/20090127-20090311/";"English"
"www.google.com/intl/en_GR/policies/privacy/archive/20090127/";"English"
"www.google.com/intl/en_GR/policies/privacy/archive/20080807-20090127/";"English"
"www.google.com/intl/en_GR/policies/privacy/archive/20080807/";"English"
"www.google.com/intl/en_GR/policies/privacy/archive/20051014-20080807/";"English"
"www.google.com/intl/en_GR/policies/privacy/archive/20051014/";"English"
"www.google.com/intl/en_GR/policies/privacy/archive/20040701-20051014/";"English"
"www.google.com/intl/en_GR/policies/privacy/archive/20040701/";"English"
"www.google.com/intl/en_GR/policies/privacy/archive/20010104-20040701/";"English"
"www.google.com/intl/en_GR/policies/privacy/archive/20010104/";"English"
"www.google.com/intl/en_GR/policies/privacy/archive/19990920-20010104/";"English"
"www.google.com/intl/en_GR/policies/privacy/archive/19990920/";"English"
"www.google.com/intl/en_GR/policies/privacy/archive/19990609-19990920/";"English"
"www.google.com/intl/en_GR/policies/privacy/archive/19990609/";"English"
"www.google.com/intl/es_GR/policies/privacy/archive/20171002/";"Spanish"
"www.google.com/intl/es_GR/policies/privacy/archive/20170417/";"Spanish"
"www.google.com/intl/es_GR/policies/privacy/archive/20170301/";"Spanish"
"www.google.com/intl/es_GR/policies/privacy/archive/20160829/";"Spanish"
"www.google.com/intl/es_GR/policies/privacy/archive/20160628/";"Spanish"
"www.google.com/intl/es_GR/policies/privacy/archive/20160325/";"Spanish"
"www.google.com/intl/es_GR/policies/privacy/archive/20150819/";"Spanish"
"www.google.com/intl/es_GR/policies/privacy/archive/20150630/";"Spanish"
"www.google.com/intl/es_GR/policies/privacy/archive/20150605/";"Spanish"
"www.google.com/intl/es_GR/policies/privacy/archive/20150501/";"Spanish"
"www.google.com/intl/es_GR/policies/privacy/archive/20150225/";"Spanish"
"www.google.com/intl/es_GR/policies/privacy/archive/20141219/";"Spanish"
"www.google.com/intl/es_GR/policies/privacy/archive/20140331/";"Spanish"
"www.google.com/intl/es_GR/policies/privacy/archive/20131220/";"Spanish"
"www.google.com/intl/es_GR/policies/privacy/archive/20130624/";"Spanish"
"www.google.com/intl/es_GR/policies/privacy/archive/20120727/";"Spanish"
"www.google.com/intl/es_GR/policies/privacy/archive/20120301/";"Spanish"
"www.google.com/intl/es_GR/policies/privacy/archive/20111020/";"Spanish"
"www.google.com/intl/es_GR/policies/privacy/archive/20101003/";"Spanish"
"www.google.com/intl/es_GR/policies/privacy/archive/20090311/";"Spanish"
"www.google.com/intl/es_GR/policies/privacy/archive/20090127/";"Spanish"
"www.google.com/intl/es_GR/policies/privacy/archive/20080807/";"Spanish"
"www.google.com/intl/es_GR/policies/privacy/archive/20051014/";"Spanish"
"www.google.com/intl/es_GR/policies/privacy/archive/20040701/";"Spanish"
"www.google.com/intl/es_GR/policies/privacy/archive/20010104/";"Spanish"
"www.google.com/intl/es_GR/policies/privacy/archive/19990920/";"Spanish"
"www.google.com/intl/es_GR/policies/privacy/archive/19990609/";"Spanish"
"www.google.com/intl/fr_GR/policies/privacy/archive/20171002/";"French"
"www.google.com/intl/fr_GR/policies/privacy/archive/20170417/";"French"
"www.google.com/intl/fr_GR/policies/privacy/archive/20170301/";"French"
"www.google.com/intl/fr_GR/policies/privacy/archive/20160829/";"French"
"www.google.com/intl/fr_GR/policies/privacy/archive/20160628/";"French"
"www.google.com/intl/fr_GR/policies/privacy/archive/20160325/";"French"
"www.google.com/intl/fr_GR/policies/privacy/archive/20150819/";"French"
"www.google.com/intl/fr_GR/policies/privacy/archive/20150630/";"French"
"www.google.com/intl/fr_GR/policies/privacy/archive/20150605/";"French"
"www.google.com/intl/fr_GR/policies/privacy/archive/20150501/";"French"
"www.google.com/intl/fr_GR/policies/privacy/archive/20150225/";"French"
"www.google.com/intl/fr_GR/policies/privacy/archive/20141219/";"French"
"www.google.com/intl/fr_GR/policies/privacy/archive/20140331/";"French"
"www.google.com/intl/fr_GR/policies/privacy/archive/20131220/";"French"
"www.google.com/intl/fr_GR/policies/privacy/archive/20130624/";"French"
"www.google.com/intl/fr_GR/policies/privacy/archive/20120727/";"French"
"www.google.com/intl/fr_GR/policies/privacy/archive/20120301/";"French"
"www.google.com/intl/fr_GR/policies/privacy/archive/20111020/";"French"
"www.google.com/intl/fr_GR/policies/privacy/archive/20101003/";"French"
"www.google.com/intl/fr_GR/policies/privacy/archive/20090311/";"French"
"www.google.com/intl/fr_GR/policies/privacy/archive/20090127/";"French"
"www.google.com/intl/fr_GR/policies/privacy/archive/20080807/";"French"
"www.google.com/intl/fr_GR/policies/privacy/archive/20051014/";"French"
"www.google.com/intl/fr_GR/policies/privacy/archive/20040701/";"French"
"www.google.com/intl/fr_GR/policies/privacy/archive/20010104/";"French"
"www.google.com/intl/fr_GR/policies/privacy/archive/19990920/";"French"
"www.google.com/intl/fr_GR/policies/privacy/archive/19990609/";"French"
"www.google.com/intl/it_GR/policies/privacy/archive/20171002/";"Italian"
"www.google.com/intl/it_GR/policies/privacy/archive/20170417/";"Italian"
"www.google.com/intl/it_GR/policies/privacy/archive/20170301/";"Italian"
"www.google.com/intl/it_GR/policies/privacy/archive/20160829/";"Italian"
"www.google.com/intl/it_GR/policies/privacy/archive/20160628/";"Italian"
"www.google.com/intl/it_GR/policies/privacy/archive/20160325/";"Italian"
"www.google.com/intl/it_GR/policies/privacy/archive/20150819/";"Italian"
"www.google.com/intl/it_GR/policies/privacy/archive/20150630/";"Italian"
"www.google.com/intl/it_GR/policies/privacy/archive/20150605/";"Italian"
"www.google.com/intl/it_GR/policies/privacy/archive/20150501/";"Italian"
"www.google.com/intl/it_GR/policies/privacy/archive/20150225/";"Italian"
"www.google.com/intl/it_GR/policies/privacy/archive/20141219/";"Italian"
"www.google.com/intl/it_GR/policies/privacy/archive/20140331/";"Italian"
"www.google.com/intl/it_GR/policies/privacy/archive/20131220/";"Italian"
"www.google.com/intl/it_GR/policies/privacy/archive/20130624/";"Italian"
"www.google.com/intl/it_GR/policies/privacy/archive/20120727/";"Italian"
"www.google.com/intl/it_GR/policies/privacy/archive/20120301/";"Italian"
"www.google.com/intl/it_GR/policies/privacy/archive/20111020/";"Italian"
"www.google.com/intl/it_GR/policies/privacy/archive/20101003/";"Italian"
"www.google.com/intl/it_GR/policies/privacy/archive/20090311/";"Italian"
"www.google.com/intl/it_GR/policies/privacy/archive/20090127/";"Italian"
"www.google.com/intl/it_GR/policies/privacy/archive/20080807/";"Italian"
"www.google.com/intl/it_GR/policies/privacy/archive/20051014/";"Italian"
"www.google.com/intl/it_GR/policies/privacy/archive/20040701/";"Italian"
"www.google.com/intl/it_GR/policies/privacy/archive/20010104/";"Italian"
"www.google.com/intl/it_GR/policies/privacy/archive/19990920/";"Italian"
"www.google.com/intl/it_GR/policies/privacy/archive/19990609/";"Italian"
"www.google.com/intl/nl_GR/policies/privacy/archive/20171002/";"Nederlands"
"www.google.com/intl/nl_GR/policies/privacy/archive/20170417/";"Nederlands"
"www.google.com/intl/nl_GR/policies/privacy/archive/20170301/";"Nederlands"
"www.google.com/intl/nl_GR/policies/privacy/archive/20160829/";"Nederlands"
"www.google.com/intl/nl_GR/policies/privacy/archive/20160628/";"Nederlands"
"www.google.com/intl/nl_GR/policies/privacy/archive/20160325/";"Nederlands"
"www.google.com/intl/nl_GR/policies/privacy/archive/20150819/";"Nederlands"
"www.google.com/intl/nl_GR/policies/privacy/archive/20150630/";"Nederlands"
"www.google.com/intl/nl_GR/policies/privacy/archive/20150605/";"Nederlands"
"www.google.com/intl/nl_GR/policies/privacy/archive/20150501/";"Nederlands"
"www.google.com/intl/nl_GR/policies/privacy/archive/20150225/";"Nederlands"
"www.google.com/intl/nl_GR/policies/privacy/archive/20141219/";"Nederlands"
"www.google.com/intl/nl_GR/policies/privacy/archive/20140331/";"Nederlands"
"www.google.com/intl/nl_GR/policies/privacy/archive/20131220/";"Nederlands"
"www.google.com/intl/nl_GR/policies/privacy/archive/20130624/";"Nederlands"
"www.google.com/intl/nl_GR/policies/privacy/archive/20120727/";"Nederlands"
"www.google.com/intl/nl_GR/policies/privacy/archive/20120301/";"Nederlands"
"www.google.com/intl/nl_GR/policies/privacy/archive/20111020/";"Nederlands"
"www.google.com/intl/nl_GR/policies/privacy/archive/20101003/";"Nederlands"
"www.google.com/intl/nl_GR/policies/privacy/archive/20090311/";"Nederlands"
"www.google.com/intl/nl_GR/policies/privacy/archive/20090127/";"Nederlands"
"www.google.com/intl/nl_GR/policies/privacy/archive/20080807/";"Nederlands"
"www.google.com/intl/nl_GR/policies/privacy/archive/20051014/";"Nederlands"
"www.google.com/intl/nl_GR/policies/privacy/archive/20040701/";"Nederlands"
"www.google.com/intl/nl_GR/policies/privacy/archive/20010104/";"Nederlands"
"www.google.com/intl/nl_GR/policies/privacy/archive/19990920/";"Nederlands"
"www.google.com/intl/nl_GR/policies/privacy/archive/19990609/";"Nederlands"
"www.google.com/intl/pt-BR_GR/policies/privacy/archive/20171002/";"Portuguese"
"www.google.com/intl/pt-BR_GR/policies/privacy/archive/20170417/";"Portuguese"
"www.google.com/intl/pt-BR_GR/policies/privacy/archive/20170301/";"Portuguese"
"www.google.com/intl/pt-BR_GR/policies/privacy/archive/20160829/";"Portuguese"
"www.google.com/intl/pt-BR_GR/policies/privacy/archive/20160628/";"Portuguese"
"www.google.com/intl/pt-BR_GR/policies/privacy/archive/20160325/";"Portuguese"
"www.google.com/intl/pt-BR_GR/policies/privacy/archive/20150819/";"Portuguese"
"www.google.com/intl/pt-BR_GR/policies/privacy/archive/20150630/";"Portuguese"
"www.google.com/intl/pt-BR_GR/policies/privacy/archive/20150605/";"Portuguese"
"www.google.com/intl/pt-BR_GR/policies/privacy/archive/20150501/";"Portuguese"
"www.google.com/intl/pt-BR_GR/policies/privacy/archive/20150225/";"Portuguese"
"www.google.com/intl/pt-BR_GR/policies/privacy/archive/20141219/";"Portuguese"
"www.google.com/intl/pt-BR_GR/policies/privacy/archive/20140331/";"Portuguese"
"www.google.com/intl/pt-BR_GR/policies/privacy/archive/20131220/";"Portuguese"
"www.google.com/intl/pt-BR_GR/policies/privacy/archive/20130624/";"Portuguese"
"www.google.com/intl/pt-BR_GR/policies/privacy/archive/20120727/";"Portuguese"
"www.google.com/intl/pt-BR_GR/policies/privacy/archive/20120301/";"Portuguese"
"www.google.com/intl/pt-BR_GR/policies/privacy/archive/20111020/";"Portuguese"
"www.google.com/intl/pt-BR_GR/policies/privacy/archive/20101003/";"Portuguese"
"www.google.com/intl/pt-BR_GR/policies/privacy/archive/20090311/";"Portuguese"
"www.google.com/intl/pt-BR_GR/policies/privacy/archive/20090127/";"Portuguese"
"www.google.com/intl/pt-BR_GR/policies/privacy/archive/20080807/";"Portuguese"
"www.google.com/intl/pt-BR_GR/policies/privacy/archive/20051014/";"Portuguese"
"www.google.com/intl/pt-BR_GR/policies/privacy/archive/20040701/";"Portuguese"
"www.google.com/intl/pt-BR_GR/policies/privacy/archive/20010104/";"Portuguese"
"www.google.com/intl/pt-BR_GR/policies/privacy/archive/19990920/";"Portuguese"
"www.google.com/intl/pt-BR_GR/policies/privacy/archive/19990609/";"Portuguese"
"www.google.com/intl/tr_GR/policies/privacy/archive/20171002/";"Turkish"
"www.google.com/intl/tr_GR/policies/privacy/archive/20170417/";"Turkish"
"www.google.com/intl/tr_GR/policies/privacy/archive/20170301/";"Turkish"
"www.google.com/intl/tr_GR/policies/privacy/archive/20160829/";"Turkish"
"www.google.com/intl/tr_GR/policies/privacy/archive/20160628/";"Turkish"
"www.google.com/intl/tr_GR/policies/privacy/archive/20160325/";"Turkish"
"www.google.com/intl/tr_GR/policies/privacy/archive/20150819/";"Turkish"
"www.google.com/intl/tr_GR/policies/privacy/archive/20150630/";"Turkish"
"www.google.com/intl/tr_GR/policies/privacy/archive/20150605/";"Turkish"
"www.google.com/intl/tr_GR/policies/privacy/archive/20150501/";"Turkish"
"www.google.com/intl/tr_GR/policies/privacy/archive/20150225/";"Turkish"
"www.google.com/intl/tr_GR/policies/privacy/archive/20141219/";"Turkish"
"www.google.com/intl/tr_GR/policies/privacy/archive/20140331/";"Turkish"
"www.google.com/intl/tr_GR/policies/privacy/archive/20131220/";"Turkish"
"www.google.com/intl/tr_GR/policies/privacy/archive/20130624/";"Turkish"
"www.google.com/intl/tr_GR/policies/privacy/archive/20120727/";"Turkish"
"www.google.com/intl/tr_GR/policies/privacy/archive/20120301/";"Turkish"
"www.google.com/intl/tr_GR/policies/privacy/archive/20111020/";"Turkish"
"www.google.com/intl/tr_GR/policies/privacy/archive/20101003/";"Turkish"
"www.google.com/intl/tr_GR/policies/privacy/archive/20090311/";"Turkish"
"www.google.com/intl/tr_GR/policies/privacy/archive/20090127/";"Turkish"
"www.google.com/intl/tr_GR/policies/privacy/archive/20080807/";"Turkish"
"www.google.com/intl/tr_GR/policies/privacy/archive/20051014/";"Turkish"
"www.google.com/intl/tr_GR/policies/privacy/archive/20040701/";"Turkish"
"www.google.com/intl/tr_GR/policies/privacy/archive/20010104/";"Turkish"
"www.google.com/intl/tr_GR/policies/privacy/archive/19990920/";"Turkish"
"www.google.com/intl/tr_GR/policies/privacy/archive/19990609/";"Turkish"
